xdata,ydata,target
1.4189302728668123,0.011067864473877642,0
0.6449868762005702,0.21106481947552314,0
1.8895272586481267,-0.00087871926774441,0
0.9427865054160938,-0.1067199027093686,0
0.8394807653953062,0.9950489411227551,0
0.9534543805802768,1.4040260075412332,0
1.1248446399674676,2.1346401165865636,0
0.9384995418556171,0.3166949200256678,0
1.0683327553014315,1.0024474242488257,0
0.9133745987801866,1.2371938054030527,0
1.0287834622926215,0.9851524494462097,0
1.6266809054407267,0.9722173902269862,0
1.548091485362845,1.0919764455905703,0
0.835697794371907,0.8855091031723781,0
0.7817782026619123,1.3524772589765324,0
1.320426305096377,0.6533944561646851,0
0.9298604697142661,1.3092643112473024,0
1.9205074248382912,0.9614260450783456,0
1.4351106651335366,1.1854792255714974,0
-0.6908249905491362,1.2552360744029396,0
1.0626430304233987,0.9179313248045151,0
0.9980368701168504,1.913826666199597,0
0.8785911938356208,0.28049890723427295,0
1.33556933248681,1.4196372407387714,0
1.111752556403075,0.9090358110497322,0
0.3592830058980768,1.1804504900232744,0
0.9218821004071467,1.4045301590619843,0
1.0557001989695913,1.6014953914770942,0
0.7541633188512088,0.4748083010304768,0
1.348185481738036,0.786512196196145,0
1.5986302143918008,1.4465974763374136,0
0.8292108099399937,0.8565064451198069,0
0.4850263993422985,0.38609703939766493,0
0.5984932287182199,1.482654330093018,0
0.07230471552343332,1.3589893031583933,0
1.449680370101754,0.9541277810879051,0
0.8986919867274007,1.124340515903187,0
1.3180947878101175,1.0579317935449561,0
0.6716491973761772,1.7255478082387565,0
0.09517625073622948,0.9971698257005155,0
1.5351867565662922,0.4701745797290616,0
0.66022204274269,1.6818300531104087,0
0.9352383243903858,1.7500794805701174,0
2.022319369736784,1.2606633561331286,0
1.3861919183529547,1.1795531754529835,0
0.750236834169195,1.5766480293996536,0
0.782570665230187,1.5563082157614674,0
0.45370280653252526,2.1893511867709625,0
1.9331216922065608,0.9650508872459428,0
0.7634374844219078,0.38508685331451353,0
0.18407847444899783,0.690593915611885,0
-0.05861441560997549,0.6900509947056874,0
1.0051124672965266,2.001104978294252,0
1.3067862101144911,0.6707281969107656,0
0.642188822912946,0.5042379529803053,0
1.4647836922070032,1.1974691613171193,0
1.7392524873942592,2.0131753058894564,0
1.428136740216739,0.327682925826156,0
0.7060649803319787,0.850818120482569,0
0.9134972744787732,0.41824194905679346,0
0.9230957875792527,0.7501487984724192,0
1.839189031495001,1.5916257034407835,0
0.9928221227691741,0.7268158930358525,0
1.13273064776428,1.2396233132114283,0
1.113630284365248,1.5810408347030638,0
0.5611603629367341,1.6187071105988249,0
0.7096173452670445,1.8538605163893178,0
0.5124155909001347,1.4552644828523986,0
0.6573993758509262,0.4423193222358909,0
0.7534014082216828,0.28983655295668187,0
0.26227375563134714,0.4544435410061364,0
1.629919199230453,0.8935528023122357,0
1.6212572331112,1.0296388197023956,0
1.0772239898302005,1.1764202898791765,0
0.6146713598027125,2.2136214992475667,0
0.5071800756473432,0.6523880377209057,0
0.6952385190796024,0.46683375570904573,0
1.1547297856457237,0.6139883481945463,0
0.6327487215232508,0.2683649240486572,0
1.3698119830034892,1.0742538417109886,0
0.9164299118248429,1.8980937248223517,0
2.183312456521287,1.5052320727153354,0
0.7773810623522011,0.9707189297836082,0
1.1043602392370873,0.7696149547360632,0
0.9943662767199942,1.8874143004991022,0
1.1838508140806516,0.9697314944253426,0
1.0910866450025343,0.6197239486498032,0
0.877526496800179,1.0597407517914559,0
1.4749209823077054,0.9597425039708498,0
1.5801747925187548,0.9068894096989328,0
0.4374117773562962,0.7824421476965274,0
0.5424330868809935,0.9175950030193789,0
0.9820249164535185,1.4129330699021545,0
1.240119396650516,0.9596985609752335,0
0.5879217584089368,0.9737479244736976,0
0.37106793679298133,1.3585905976916024,0
0.9005087915209629,0.725029318217445,0
0.9658140023755234,0.8836337368875214,0
1.7295998672168396,0.349910607347389,0
1.2791826485878777,0.8676773804484507,0
0.4523612780238512,1.670355286167158,0
1.3823784056884187,0.899055282081653,0
0.8906073777310528,0.837784219745866,0
1.9523674920138117,2.259758623669982,0
0.8647315780645475,1.2415214164971016,0
0.9245116928496406,0.4474813855025207,0
0.5896563388509721,0.2274840404830023,0
1.237576613660258,0.47252668721076807,0
1.2848550165783243,0.40828761363452526,0
0.22619750174241038,0.5990165504604428,0
1.5745761903091422,1.012331286193803,0
0.727008961559659,0.6902785007397252,0
0.11164963744881529,0.600500394504211,0
1.2894862579256685,0.9109376508153848,0
-0.30550473134720435,1.7205207658766972,0
1.448276479409441,2.0222460296269995,0
1.4289056521007624,1.8221060381354834,0
-0.28970435229654745,1.140845149777093,0
0.9383709451778679,0.7240410676277221,0
1.388117869294814,1.5989439497757854,0
1.5939762025660373,0.6525969438886929,0
1.1535230305184894,0.4712296952083993,0
1.771411617506716,1.0602167639740863,0
1.5656020999971074,1.1894410780076372,0
1.6926206618433643,0.8153080356873468,0
0.776420381448271,0.7986516692417129,0
0.7740633456364695,0.993627619014216,0
1.0926764577493089,0.7803891510780623,0
0.4756983912358871,-0.07986375348738162,0
0.46541552702277267,1.6842849670857052,0
0.821908486611209,1.788773497971372,0
0.3794310718014676,0.8979764820588747,0
1.143551115482311,0.4230691166117838,0
1.4842489243927581,0.5121030048421582,0
1.1700657165900616,0.7808514554735895,0
0.7318576659020609,0.3911340188779525,0
0.1928099156336157,-0.049064109744796136,0
0.19867687637862408,0.7674890082642057,0
0.752153678789225,0.7438973446025289,0
0.36978135097814835,0.9115397377590555,0
0.9395333665191243,1.1626992918851544,0
1.1331737652234268,0.9311563869892001,0
1.275508764668957,1.2075403048889304,0
-0.037751545461387925,1.530998623586186,0
0.5724006483531106,1.1624772251316045,0
0.6193670500790721,1.4693459379197011,0
0.11047479491639156,1.2123183502363455,0
1.2424805721323888,1.0048529381944802,0
1.0477701226587708,1.9063850509687827,0
0.9312874070324747,1.0616968717489703,0
1.127490466902998,0.2948866433600549,0
1.179497774166894,2.0371628316857318,0
1.4836205579806299,2.2582722598562235,0
0.8173316248679482,1.05235259477603,0
0.4342803571603068,1.2700491267454899,0
0.9151642256110003,0.8632742512629417,0
0.9861763297933267,0.9027315266509033,0
1.3015167172985347,0.8476447430308891,0
0.7800515964396713,0.9123258313741455,0
0.6823476290371395,1.2289583567585918,0
0.7728621952126622,1.7455755582009718,0
1.7213333702199325,1.5906025593578605,0
0.9124850396248093,0.07844284664056633,0
0.4507707278635672,1.604624779374252,0
1.375020451388767,0.41263094950080725,0
0.8996615313024534,1.0564862201965315,0
1.4074252057006185,1.139242065020587,0
0.3904378197718541,1.6339780139412163,0
1.3332523921062243,0.4921538261159364,0
0.3146820949536131,-0.09601215695760601,0
0.7430691758489423,0.15466359205154512,0
1.188612824130047,1.181940361143473,0
1.2473694392743189,0.23821285892827027,0
0.7776162286129953,0.4775046060439375,0
1.608679230834531,0.5698154285973034,0
0.6569228467239459,0.12981729111515194,0
0.42915155471526534,0.11467119982887519,0
0.8389385750291329,1.1823010061547161,0
0.018938949530471483,1.0428520112151343,0
1.453342678758988,1.325170323969259,0
0.7699090229856002,1.3389774577749267,0
0.8719027232014473,0.8567095697315169,0
1.1934666818860307,0.5442467940169076,0
1.1672625886915735,0.5352969116997921,0
0.9478952927709255,1.2765874327448614,0
0.9847151265339519,1.8541510147352152,0
0.8193539491637013,1.2408287397882563,0
1.7346036953408295,1.1379555192979263,0
1.3630265233397183,1.1668246313364086,0
-0.5625545774353058,0.7454131762149019,0
1.429026671843815,1.014207774602822,0
0.9470859558671825,1.210365283995472,0
0.029513098468399335,0.8482221958792113,0
1.0386169667881406,1.1304590512162032,0
1.5279075824476367,2.1660652767644306,0
0.08971533754095096,0.23711246837836053,0
1.1392474327447124,0.5290855326492621,0
0.28396289009960873,1.9230516858493751,0
1.4775111546824227,1.5863197036224013,0
0.7301089883867452,0.9183827008253798,0
0.30268481780598355,1.1110350776876594,0
0.8322649672804021,1.134780185565405,0
0.7032501942395382,1.7703009833970325,0
0.4829889872852171,0.5325711103454114,0
0.7641256395180057,0.7756129755285078,0
0.9619121541063581,0.30289324610863555,0
0.25365469631265913,0.48279563964484895,0
1.4230603695717376,1.2006849011091991,0
0.07839036892086293,1.01579508144782,0
1.9300842796198632,0.4507963977452839,0
0.5930120299404289,0.8946437089443808,0
0.6209698873513947,1.5169150218613705,0
0.7869172540086407,-0.024910417130393103,0
0.34504108611463313,1.395710208865835,0
1.3116463896239359,1.267213003536853,0
1.3142767373138367,0.47033316839696004,0
1.1545273733535777,1.2777910367758962,0
0.7007437075954188,0.26565044248003644,0
1.4458021108483805,0.4480410183006105,0
1.6657078343396017,0.022482969797077534,0
1.1856928699684135,0.5174556567330015,0
0.952424069318969,0.6883192804641298,0
1.2818412173144256,0.01586357681793238,0
0.26708623829903677,1.1852246991156603,0
1.0376028996566464,1.8820441563582302,0
0.8366588870138116,0.9970111265971864,0
1.4409306067481478,0.9012700755323457,0
0.24485102833258054,1.8602483470887905,0
0.7171677128031845,1.6974925773773355,0
1.1401051858059916,1.5884047585516325,0
0.34417554812874296,1.1179214189561701,0
1.4118877967192192,1.62862529188839,0
0.7019390289579549,1.0434914325682771,0
1.7559902724672576,1.2601992559819013,0
2.1357513849935703,1.1292943043397003,0
1.1186831888912079,1.3227193156829884,0
1.1398689737600982,1.1118482144146657,0
1.0798958192927122,0.6900721349606695,0
0.948542195007449,0.33555450490490135,0
0.5368281842128986,0.7863234161493323,0
2.3259113230868804,0.7567997177915647,0
1.8543781022589667,1.3155625152191437,0
0.444692819340216,1.5344962426478785,0
1.7884719473872286,1.5533379908820817,0
1.202237184866435,0.77903980864656,0
0.6333682011462969,0.7653872067055876,0
0.7649996877529869,0.8950167597748265,0
0.8595466010546963,1.0576313710206484,0
0.6142566557736195,0.234335995408247,0
0.8647275036115591,0.7345472662619781,0
1.039478571068715,2.086941804918858,0
1.9467584905477886,0.976286663279732,0
0.7898881410719822,1.0372715626694577,0
1.5338784928037525,0.5697070880114029,0
1.0788641762575806,-0.23088623136362174,0
0.9330806627805615,0.4553693929150475,0
1.2394594137798145,0.6565407649865684,0
1.3433329541735097,1.3403824691154536,0
1.3050347945536551,0.7411957286625414,0
0.8585568154394101,0.5287251927090055,0
1.4327701794025742,1.070144655634351,0
1.5857527468079666,1.0734393199047487,0
0.5188176962786732,1.0080450054932442,0
0.8103239481472038,1.2762082973640194,0
1.1698484092550634,0.823118121121449,0
0.6133267552515279,1.3843164309698976,0
0.9754390830998934,0.7141960400375518,0
1.530360199168149,0.3291100943946318,0
1.5807355150301745,1.0700239723132565,0
1.3186675684057405,1.7684156394816006,0
1.418028626302894,1.5436048240082634,0
0.11496309159183904,1.5393772269447519,0
1.112258526425498,1.2227631298909694,0
1.3459389305120104,0.8250242561846104,0
0.855924306183155,2.065796536776758,0
0.7494284333984491,1.3971037527061405,0
1.7621227276310871,0.6549201740917483,0
1.585782135639461,0.4228170441625111,0
0.9199027358004366,0.8633210887001952,0
1.3776849511685612,0.10419557236980848,0
1.0738394924428747,0.62752331813189,0
1.3004562728483426,1.228719125330628,0
1.9483191674421834,0.5761155470511121,0
1.1052122498585224,0.6373006675033335,0
0.3913225782893396,1.3049352764392521,0
2.176186320120757,-0.12881137449794822,0
1.8446368631495913,1.3402653622046667,0
1.3693358396371644,0.8363839510982876,0
0.6209259692453719,0.8657531271394768,0
1.1142787375359855,1.291617759093599,0
1.2984558604208436,2.0906951093632147,0
1.7582646127732784,1.0005389658442654,0
0.9657504638747398,0.7412112855829862,0
1.2467405452271227,2.005774981752891,0
0.9862279996399584,1.3189683703255195,0
1.0828815649856633,1.8682215645762472,0
0.4492672823384327,1.7785181916359025,0
0.7524594809003023,1.3185962495674837,0
1.2366440833178918,0.7458022986766365,0
1.1303093188950621,1.5939698409521301,0
0.2169790812695821,0.535468655702529,0
0.7212415595654087,0.9088408232852612,0
0.611550747739009,1.8047661774221866,0
0.9714413343190809,0.8330738654858617,0
1.3835135612206133,0.20179488325131778,0
1.2656336500956158,1.475818228819406,0
0.2872513631384712,1.4081717651523764,0
1.0142035600515396,1.2764883780351939,0
0.20882106139418144,0.7738941101490658,0
1.4127129638455747,0.8759791345508566,0
0.4601791249327982,0.22268367118177512,0
0.3584863523779289,1.1030390636961023,0
1.207839064724145,0.6388497313328989,0
1.2681553421496945,0.7611527315326873,0
0.10834015888033266,0.9473860300877281,0
0.6980643942447345,1.0049123819553611,0
0.6810898688715585,1.1146080319644949,0
0.9263550918791674,0.7574807066195085,0
0.7231124104148874,1.0525299954600889,0
1.4741934483034043,0.4217324846847943,0
0.8588764274404099,0.9113446899671337,0
0.41117321222234493,1.3189253654176631,0
0.509319256756406,0.9113932989228859,0
0.9221605418130355,0.960272387134528,0
1.7317951551325246,1.0937175334883007,0
1.1263726499830145,0.26161794144025585,0
0.8812061278101384,1.810579807913237,0
1.8205840753083182,0.9681580742566747,0
1.3351127626573112,1.748324304501726,0
0.3220001057544354,2.208882814019264,0
1.4047957222526597,1.20063652935458,0
0.3945285336578912,0.7077342052811632,0
0.3348996764235842,1.1703854682841728,0
1.144642575949184,-0.41173041475051164,0
1.6501210813804315,1.0428181451409468,0
0.9284846663349736,1.7764271721986606,0
0.3663218712800811,0.23506862502506665,0
1.1581783069199854,1.770266341762353,0
1.2727630429929973,-0.0225127548171955,0
0.3649632339216785,1.0744990810307244,0
2.1434112464164894,1.0222055212589436,0
1.5681410730211636,0.8771363021132313,0
1.125977821891874,1.2770840149113258,0
0.041045001885188226,1.7702017987348098,0
0.5002007794678707,0.6423924616362325,0
0.47803534359286404,0.8344099312589264,0
1.1308367248062519,0.7118244151544955,0
0.5668406049714914,0.8527244453542899,0
1.2457944552399853,0.9071886987898585,0
0.4748530097370579,1.2527508722035838,0
2.005206539365214,0.6143757210180494,0
1.3396963513896807,1.1102995045858837,0
0.6404525344878752,0.4874466505790115,0
1.0903887824577483,1.1525067647615672,0
1.0147202936248645,0.1376376752578291,0
1.6422345749711247,1.7618226470320466,0
1.0913776748814932,0.8241116407720328,0
1.3140662049420282,1.2994185036819457,0
1.2421737814143257,0.8440150312845371,0
0.9261509924808071,0.781795470071167,0
0.9089964767439773,1.90954691004363,0
1.1893956116714655,2.307773753120948,0
0.492205436144486,0.9897494822625108,0
1.6899026564871202,1.9060934196604833,0
-0.18535648066294663,1.6816907224980568,0
1.0284452005791465,0.9015204030824331,0
1.3108728302602979,1.1469824725343034,0
0.58201532290911,0.5843144834989353,0
1.337888233841531,1.0544386894019926,0
0.11569580097219778,0.9924663071549816,0
1.172232520058268,1.7903499414098185,0
1.4768096933279389,0.37727423642050895,0
0.3996719057203886,0.7935507253731849,0
0.2689652471888614,0.7172930156736336,0
1.3829771727999312,0.4724564021252381,0
0.9502331775467043,1.5399507065435638,0
0.6031696114248934,0.6869272233423027,0
1.5544150141223703,1.5520035677195758,0
1.3414244852960122,1.487118618247827,0
0.43325345683901184,0.6937716627458222,0
0.6453825951860659,1.5823072548717385,0
1.1335036871015431,1.5790818544112089,0
1.7252755424119015,1.0366276552390814,0
1.0242454288835976,1.6548880581425442,0
0.7152038178506503,0.5639539157860648,0
0.2798988621008981,0.7455117341445539,0
0.5302047924606275,1.2169772429079995,0
0.5304905311858161,0.5167919495040751,0
0.99080059812982,0.9319292359269274,0
1.9147236315622604,2.078567902418831,0
0.5965990316827505,0.978844375555075,0
1.1868998311844114,1.3266916324980287,0
1.3394643087773555,2.071532778039167,0
0.1829901653160575,1.9482910102596833,0
1.2319032890024788,0.7863732002887163,0
1.0697414750423186,0.7664328258442072,0
1.1947823858049864,0.9083813838450651,0
1.568703684455337,2.0790938711828115,0
0.3131909638829935,0.6781323016451913,0
1.770418490404363,0.851376826308401,0
1.8197299145189483,1.4825933741514288,0
0.6785867314169619,0.6171494482815743,0
0.9681598216313273,1.3833939295639786,0
0.9655990082261395,0.9658734512188863,0
0.4021651993918667,0.20528089834918806,0
0.5062896552966764,0.7661688180936667,0
1.1385117859005751,0.9829797886808308,0
1.009361406726667,1.7507002881415579,0
2.0145591858475367,0.6036309943287808,0
0.14386094585435194,1.0740172577536504,0
2.1429133063099934,1.8935037380866877,0
1.2685604346920232,1.3785014886844726,0
1.5503187494632646,1.2031797425880018,0
0.9685439907581508,0.9899392931929121,0
0.7634810673011014,2.178699975579442,0
0.2708588313289443,0.7278446665218483,0
1.6729633423412618,0.7399321914841662,0
1.465412899089131,0.45873781993716045,0
0.9388426258841701,0.5704114130703715,0
1.5627593250675444,1.551365096894497,0
0.4297414784497261,1.0829004468501238,0
1.128253721974836,1.0399915595256228,0
1.1300183611234398,1.4821039011124373,0
0.6499475912696968,1.3191940992614735,0
0.516232783912824,0.7852360364561206,0
1.749626707218376,0.8178021563673514,0
-0.07263447340819384,0.7462202042997191,0
1.2943347112445656,1.3327811828901104,0
0.3550150673605964,1.2188832819650561,0
1.327092783711764,1.098248450257023,0
1.0027960845842676,0.2161633775685139,0
1.1956780669663174,0.6850723951237607,0
1.1852585350818958,1.4014101344748437,0
1.219962124265902,1.1258062050414006,0
0.6295579320251312,0.6355415582673128,0
0.8923207548774321,0.5153209478893237,0
0.664954219064924,1.0161042965708276,0
0.6964769704789446,1.3665521298700403,0
0.958739932985839,0.7628439798109432,0
1.234484711432924,0.11786697989639794,0
0.4474321595666958,1.002104764461342,0
0.538091740095681,0.9674583097744952,0
1.645000520598475,1.1840564166902534,0
0.5120121085253614,1.437223413087311,0
0.5233857360978212,0.9036517601337541,0
1.72086413995385,1.4035200091738789,0
1.353841978875111,1.247344673141177,0
0.26669124857924,1.3296883230132774,0
0.9719651770379022,1.3704869103185051,0
2.1232572978625637,1.2182816118097708,0
1.2202769929668675,0.11112800331259154,0
0.5576046640270759,1.1099682913356432,0
1.256800549114572,0.5185021862674868,0
1.0661241210381083,1.2709140831920582,0
0.5111397613817762,0.6297698228021376,0
0.8992159147974276,1.412629452507686,0
1.7239519828769323,0.9902035412893382,0
1.292367883036834,1.1543268665055904,0
0.7495612145531314,0.6985750488948224,0
1.6202968578410657,1.2931398553064684,0
1.6642757708036966,0.4851705080789225,0
1.107808510669412,1.125790308119666,0
0.6614923752044033,0.8214346191261535,0
0.8099621150107188,0.8505754659248325,0
0.35365570425822845,0.3000157902210986,0
1.3233198706368268,0.5843823876794042,0
1.3627275710234263,0.17930389815658887,0
1.1761497575949316,1.136453038467352,0
1.1145106324823217,1.2449346140436623,0
0.6018532305859695,0.48061507526679237,0
0.8018787630872481,0.9255340364459796,0
1.1278308005450277,1.5811566240635766,0
2.0307663895273222,1.0004988432216493,0
1.070050710192818,-0.3613003934512615,0
1.2202934776605876,0.7017938613175514,0
0.9568649540157328,1.7003762747953255,0
0.499776110536015,1.4800319645195856,0
0.9378738031458773,0.7612664190884968,0
0.29096737504154135,0.9004126510538505,0
0.2758647006122421,0.14989389115810736,0
0.37432927035261054,1.3687973218271539,0
0.5545639049833001,1.5860336301849303,0
0.6994088192994454,1.2019014009820526,0
0.9751327124368212,1.5424623720259996,0
0.2541495351543528,0.9833667891860007,0
1.1737877347608858,0.8091003540846592,0
0.5871020624091895,0.5750859237858733,0
0.027532452148288256,0.4340044196409002,0
0.9248427267722721,1.0314692334881337,0
0.9318510654918565,1.1043770202401844,0
0.905266987120532,1.204226781342425,0
0.8851720179052587,1.0645911543102904,0
0.25124523333379667,0.4729157465447964,0
0.9265483862634786,0.4034163896550912,0
0.3231592918612759,0.9347800443781017,0
1.082503123097091,0.4040395434460131,0
1.9527113148699726,1.1920243942946382,0
0.8993413878234229,0.9209225026475553,0
1.1106456583175164,0.8734347384509883,0
1.0526342604510412,1.070643921713882,0
2.234268062132897,0.8322952711439832,0
1.2416766011924396,1.7083502928835843,0
1.222519625239199,0.7779546284574621,0
0.7396707023249349,0.5880604070692836,0
0.6785336846709302,0.8710009579637807,0
0.5645431874274123,1.2605092459221257,0
1.1838420671353322,0.8481057778662755,0
0.7501753246966458,1.4058890738712375,0
0.8302887263705779,1.6709557600325855,0
1.379045006989351,1.311558043184255,0
1.104515782264804,0.6717542849017917,0
1.5930136372883195,0.626329769100023,0
0.4766473543886466,0.9814475724763514,0
0.8434690713863233,0.7069913230440601,0
1.1534605393900441,1.3142435250089017,0
0.79056399251662,1.9578149746476294,0
1.0239070275862425,0.5018375334193138,0
0.7944555937913067,0.6955686649920259,0
0.253533892164585,0.11219562571629904,0
0.7987766140594702,0.16770429012083787,0
1.2067285174593625,0.633041417935482,0
0.7376393002243626,0.3868360635449273,0
1.5605109563960415,0.40810810462096037,0
0.710374617413186,1.2708484401923776,0
0.5438712888024897,1.1015537988722257,0
1.6071271274905343,-0.09039132192398758,0
0.9044898256020615,1.5304971117194468,0
1.8341106532356515,1.699671885504019,0
1.0395833855119245,1.5459933406023187,0
0.6520268119632476,1.7517166407465372,0
1.4511596141095173,0.969151478622744,0
1.6108575770735483,0.7090215673621432,0
1.0059973140589558,1.175251350238121,0
1.346223478898255,1.0623072196952603,0
0.7211621191519437,0.880959525497955,0
0.8296737954261024,0.45472530181112736,0
1.0216262863304557,0.9866742192862519,0
0.2117154803744542,0.8086737884241871,0
1.027246599759577,1.1916683535512043,0
1.0726081984063203,1.000761962046512,0
0.5851589756091276,1.161500129892631,0
1.4378033383400137,1.1134619685603477,0
1.9405556762579266,1.3739227126038316,0
0.37241765285027273,0.4538596782982257,0
0.8644655485065973,0.20963464684251576,0
0.9953595554742466,0.6157405043382653,0
0.8470713939493063,0.4732921714701447,0
0.3630920778440121,0.14610808873458747,0
1.4442650655452713,1.001930233416601,0
1.9670104799935901,1.209518255167195,0
0.6366054550127551,0.5706553827342082,0
0.8666416130299344,1.6566517525788673,0
1.947323000899881,0.4234563744877865,0
0.9660854690286702,1.6672949215341188,0
1.143085662400621,1.6601353261843301,0
0.8384134836925715,1.499540077026421,0
0.8023025313971951,0.9752521066215856,0
1.6523088336430125,1.2581226468469082,0
2.390331538389324,1.6971092066521702,0
0.7833264910310458,0.3004940455150654,0
1.7859320260482283,1.2067869410450303,0
0.9090415090906601,2.1005677357426658,0
0.15600426864651162,0.8753771006158536,0
1.4746029282506248,0.20200409763748883,0
0.9556201396975075,1.189336923749258,0
1.4506723841963256,1.0758089552125472,0
1.089370168335739,0.7346238698582218,0
1.0629365316927772,1.1355030011544223,0
0.6977861314884908,1.4406328777340875,0
1.2195355964031367,1.7570567991102473,0
1.8068244340410675,0.11800148440542446,0
1.053846948883086,-0.014447035326311974,0
0.7870407022559107,1.2493035521294495,0
-0.11356660802483276,1.5442992715721728,0
0.5130156856460217,0.6803077532105022,0
1.0658149348095938,0.9749412967551639,0
0.839289837230884,1.3337634168379622,0
-0.0748061512788647,1.0413891052729556,0
0.7493111945530213,0.7269132755748914,0
1.1274669016698047,1.0032883717476766,0
0.49309009874596366,0.5852914857739231,0
0.90030195922546,0.044005884023684994,0
1.4850090555732725,2.3836273457208366,0
1.7217052065383869,1.5161626753108053,0
1.4778675658029399,1.8889870741535852,0
0.8709728236127288,0.5815178196743893,0
1.087465335966091,1.277071642622417,0
0.8495927018022402,2.615586466069793,0
-0.02149999700238414,0.6937432974794936,0
-0.330450631377202,1.613728132093047,0
0.37623320333912647,1.7130827320681123,0
0.9418230454900673,1.4646916212721905,0
0.937627418939615,0.9004337888716853,0
0.5225721989734886,1.3199346591574408,0
1.6481762451527153,1.4794709999534614,0
-0.7205277562525358,1.050011547522839,0
0.6270442281798491,1.245134215395879,0
0.8791587443322164,1.0794811126926152,0
1.6820461717060935,1.5488248623470042,0
0.37778430593714474,1.9243826579681256,0
1.0876821769074478,0.4849013037520372,0
0.29378725558035224,1.2157805601642557,0
0.7359452041664302,1.133933158929274,0
1.6726796391979153,0.36651584994710495,0
-0.026583978715519097,0.40503182141910754,0
1.3974980474271255,0.9528738977821333,0
0.5215337194674612,0.026521135281975305,0
1.4429689406552437,1.0954074543109167,0
1.7167722365149574,2.4683216901364275,0
1.5496993426625534,1.536031349527594,0
1.7008686021361725,1.0918528236455345,0
1.0067300952077352,1.0475330090566684,0
0.5081347959380327,0.44778636458199894,0
0.2003512819165465,1.3139108432260609,0
0.538780462594236,1.5126088307608159,0
1.198560185022512,0.9148897307837024,0
0.5856507640716258,0.9554363501946324,0
0.8028246472622635,1.370686629036962,0
-0.15877996093072122,0.8897075932407099,0
1.2405328983464394,0.5232939204085292,0
1.1748997192830217,0.6133898952852329,0
0.7897893558223952,1.1148125463603058,0
0.18256727402791728,0.5859527692414515,0
1.3444417617960782,0.6740925870949697,0
0.06396203302611103,0.8718529836251581,0
0.3602457480624742,0.6417192447541062,0
0.7739769740752632,0.7428118932970571,0
0.3826064630564191,0.7843978722027134,0
1.5383101762024207,0.879916733381798,0
0.3300306193052337,1.5459759887554148,0
1.5994348465236108,1.8063252854840957,0
1.6118291850050719,1.0955668551284854,0
1.1192173580479632,0.7648988426734893,0
1.0709462825706804,0.7469312122086496,0
1.6755064356250366,-0.325837939889138,0
0.7986796604085622,0.36875336253043445,0
1.2554281663017868,1.0671431036738217,0
1.185822950994993,1.273499884915285,0
0.6748185428671758,1.2768417348349033,0
1.2886941258374285,0.6781574078224122,0
0.9226874874414577,0.4144563899200848,0
1.223205106875819,1.1150905746960338,0
0.9410243391368587,0.8726074295141297,0
1.0974411110326536,1.1973835377328874,0
0.7565065176252451,0.83016419301686,0
0.42076086701216076,1.0481561892433187,0
0.8091142307045314,0.5927294505244609,0
1.191734286005808,0.7551746019329627,0
0.7038043029799328,1.025337191790956,0
0.9500449198966896,0.107579382292178,0
0.5817809360360697,0.37790826171992653,0
0.9770273249468181,0.8547584549455166,0
1.6834755563762211,0.766256156940169,0
1.4873226960196049,1.4639139811692357,0
0.36339571264623516,0.980422051903358,0
0.3009239201994107,0.082180899602037,0
1.04431788173225,1.0009884911764877,0
0.21466237778872188,0.8786209930367771,0
0.7002832045484334,1.0318424182866386,0
1.3498506363603744,1.6361530686562231,0
0.28242357645579474,2.1126401329486386,0
1.5296451488007485,1.230955464375722,0
1.1468039641446988,0.9122643688046578,0
0.9621505942177432,0.8351362431780696,0
1.5194530302249327,1.957452862668092,0
0.8474011745620946,0.48788997553398483,0
1.250201125727653,1.4845651299702358,0
1.2408339101630588,1.6155515079356166,0
0.8667304813271325,1.2911368168160937,0
1.4207414878822313,-0.12493403232795885,0
0.838294397491902,0.7451031808153555,0
0.7181274677521914,0.7345876061189708,0
0.14623957125921416,1.2603336868479285,0
1.298766162891752,1.0240809489156977,0
0.952727688100645,0.4493844073939376,0
0.8852701045281851,0.23120568972599576,0
1.5711539241833343,0.5746902729188619,0
1.8128640582625015,0.5519496285784922,0
0.04790268389379082,0.9623716280518724,0
0.9794482770271974,1.053668827339801,0
0.8916145805295593,0.9723730157210513,0
0.5105754011353834,0.9868696448521593,0
0.5030012739350668,0.6684846636522968,0
0.759616775986897,0.8993540197855145,0
1.6864068105425423,0.4518500778735667,0
1.0382675832769095,0.660169298870211,0
1.1570971624519941,0.8255401250966301,0
0.5180950148584426,1.2363100210265547,0
0.5179959862029189,0.6149271524964557,0
0.6299297356138902,0.6875449238545492,0
1.3741969614288165,-0.11190654165442804,0
1.0824832071912793,0.9774838409742848,0
0.6906961572807789,0.9502926338430714,0
1.3005888034590074,1.4915072164274854,0
0.5248368691129348,-0.5226548024265776,0
0.21123943000507317,0.9955513372801221,0
1.04021828332895,1.3265752096017067,0
1.3259031530281091,1.6413682716629276,0
0.21257022244458323,1.4507356033113505,0
0.6051768417243748,0.6587731024793426,0
1.0373941136874214,1.0711291028617986,0
-0.1561265440254056,0.7438179036448341,0
1.0203050730094718,0.9337070246497708,0
1.4357884310546853,0.4757188215956186,0
1.1140585733438613,1.433829252132291,0
0.7241578917561302,0.8494877678458751,0
0.5234576003853436,1.5412632658223733,0
0.631695229869563,0.3714668854382511,0
1.4426501233019833,0.318866927681143,0
1.3680786520329624,1.5427472198630459,0
0.9667661997671207,1.808269327322896,0
0.18056686112988118,1.6618780226162502,0
1.3953991555583367,1.0935116225004746,0
0.9085038186820391,1.0343244939466598,0
1.362406044621324,1.2573901886078018,0
1.1244984478649296,1.1673446368879077,0
1.3737337723231708,0.7493519230910017,0
0.5833942581125868,1.2930372712528695,0
0.860912489799793,1.5074825338002058,0
0.9993419140381502,0.8522972389496124,0
1.8085691161479227,1.1495086569314976,0
-0.5196878228078095,0.5017029529287219,0
0.8414444123660193,-0.07412427662028165,0
0.6898859435837607,0.4203777985176905,0
1.1494074835036174,0.4141866380280236,0
0.4647874981048019,-0.11725386419033113,0
0.6428986281533537,0.7511026816542657,0
1.6381843981412723,1.3288430774351752,0
1.3489872621079746,1.1204585520148231,0
1.1656153627654784,0.561187944625174,0
1.220259554842244,1.5367699226079272,0
0.42767129560409534,0.7764741443680331,0
0.5982884532567725,0.9939544266987029,0
0.6291701264249638,0.6144231511753548,0
1.1920087442095837,1.291507818432735,0
1.2404513461364752,0.07547912232316278,0
0.14647994845298307,0.5831426165026541,0
1.516705505028583,1.7764701960122358,0
0.5336743544162603,0.8508141805071388,0
0.4087690903011363,0.9373978280006674,0
2.0535913083041892,1.0232177191818193,0
0.9650082666057429,1.4313059310993599,0
0.7019692612446787,1.178516750337053,0
1.1994271691713276,0.6436695091549717,0
0.5606211257306273,0.08219255851660545,0
0.6891338625451631,0.9770991416841974,0
1.166768600469267,0.7838572799920203,0
0.5614660937455872,0.6382769328174072,0
1.390326273130609,0.3046108777730865,0
1.0436940561602601,1.4683684554804617,0
1.1790291701742417,1.5613377154128787,0
1.416991839643983,0.8769675946392582,0
0.7681132258727608,1.1979211737032125,0
1.6173658830166857,1.4858932632550612,0
1.1031883231883859,1.6358161772771602,0
0.906477126407932,0.4258554458712074,0
0.9056742397911008,1.3052728263942819,0
0.6922169398575575,1.519511491762556,0
1.1760053546337437,0.6651092233884024,0
1.011746131386381,1.240155486483459,0
0.9799877587228588,0.5518875739469127,0
0.6795580512271149,1.9058413770667633,0
1.2693912639390332,0.41851915750520197,0
1.3359408588043598,0.6359203924609802,0
0.9978619044249132,1.0152181216511271,0
1.1563255220877076,1.3437854655583297,0
1.3675888081528607,0.6243108100333784,0
1.555989133404952,1.2148528535332326,0
-0.12230997039216485,1.5755058651731115,0
1.2980153594029593,1.136603619924911,0
0.729101477112245,1.1563675487774894,0
0.8785412172557073,1.558935522281429,0
0.17472700532644514,0.750625537422257,0
1.6981351662339232,-0.038387678037388184,0
0.4583767504897065,0.25192750975121436,0
0.6463232778883581,0.8352226532327334,0
1.1352467025147828,0.9069357654414257,0
0.7352846806808664,2.091251899048438,0
1.208138484172429,1.3811456193405574,0
0.7444592214419458,0.9990661635509602,0
0.11202865376432958,2.334082901456736,0
1.5392938274654946,0.21690194731661327,0
1.0386058211118494,1.0588042815618708,0
0.8255944311868575,0.7486426210179573,0
0.16095118532877617,1.1887432352160439,0
1.245258519851922,1.2424066620349719,0
0.7741173229458806,1.1388498446256663,0
0.7534779812144263,1.0593649845643913,0
1.1791757166400287,1.2961860836776489,0
1.1249191642889753,1.3466558075848507,0
1.7729737696197074,1.2337153693953675,0
0.697317981068818,1.2452132881544784,0
2.058440342033136,0.8322377698699367,0
0.5867784586356499,0.04950197188202754,0
1.2231959985846252,0.7963994519119575,0
1.6321768126366871,1.9409575158769692,0
1.8064485447979761,0.8575430893262594,0
1.6137480998075049,0.4564785578764221,0
1.7735551163082421,1.7294690436582059,0
1.0362859393365567,0.922309944108666,0
0.1673084639680662,0.49700388128730466,0
1.4508366123509222,0.19173814082325913,0
1.4368193700744922,1.488536939807573,0
1.2429182657208246,0.9506444470325495,0
1.4385433561165577,0.38536694822007067,0
1.762296095932971,1.6229129387151513,0
2.0071643933107275,1.384769083169738,0
1.6028493966561717,1.8874071226566027,0
0.23702126582830996,0.2295057571238337,0
0.9943960570591582,0.9725692705569181,0
0.21893612361353065,0.7581620144567621,0
1.0411701952702759,0.7214465058257125,0
0.7291996277460226,1.0336260804956854,0
0.20951095882807613,1.3170342861651587,0
1.3783056542302843,0.7704754995850677,0
0.7236125302414556,1.0714638351611028,0
1.0511932400498638,1.513116268681363,0
0.9913106122995812,0.9017924511488071,0
0.47545075157679284,-0.3914300361081757,0
1.1927744576050183,0.3745451000321951,0
0.5725556052261449,0.04242909970553499,0
0.14981704939842588,1.5002874951678975,0
1.0812968517119408,0.15705511085866708,0
0.966143464026905,1.4642246209130252,0
0.9672523397256976,0.5041638861272069,0
1.70772409858474,2.073258188318264,0
0.4443540150484391,0.023601830698383175,0
-0.0369789071661073,0.7921825976201701,0
1.0022400396664737,1.5408547668564854,0
1.1121524246324355,-0.25815333781623306,0
-0.32217580628146836,0.39698225721269464,0
1.6949695458436982,0.9660466955019862,0
1.0070971961847066,0.30850861225645,0
0.93471617341116,1.0339237231236522,0
1.7586077800844495,0.7276413024060473,0
-0.1217055319007263,1.4554313188630794,0
0.616920026374091,1.8484183498295539,0
1.212164676013124,1.2220271468406434,0
0.6053978356121164,1.0615551901322469,0
1.2221258241316497,1.7567690147446124,0
1.0099051723906758,1.3209534861122076,0
0.544435184391103,0.8746374731558775,0
1.0247620368503305,1.1557474742533498,0
1.4349896719421935,1.1768993031580737,0
0.5361083024852199,0.9222458438319929,0
1.8565803182889211,0.9358843984309937,0
1.1878517925304555,0.36350338155953654,0
0.8844595518917183,1.4325988496819397,0
1.532602307433582,0.9353286495309775,0
-0.23218632797409566,1.0673172052921789,0
0.048019913767500144,1.6735218869367565,0
0.9106856709997017,1.8160504072095258,0
0.46367235981307453,0.595593237238832,0
0.8397060809500206,0.4328519896922335,0
0.7576682108604034,0.279901546225074,0
0.1865086186716307,0.47969471687021636,0
0.7166130897258751,1.2990139150506526,0
1.1856502752422589,0.12173163579096402,0
0.41271406174761815,1.5438098389570345,0
0.14972850256227388,0.0348232943201604,0
0.9525229987909901,1.4044538481375226,0
1.1653280069180934,0.48899598273469436,0
1.2995648157124555,1.5515754476686625,0
0.8473551626557949,1.6601253498511248,0
1.322787709319366,1.0540377694100385,0
1.78835296114953,1.1246778821610388,0
0.26989964370810304,1.5092174992459095,0
0.3234508172007138,1.898920381613371,0
-0.17593880937644824,0.8977109274882151,0
0.834177078804774,0.6441586779303874,0
0.6335483402844596,1.4627916717364151,0
1.1561366642411075,1.3236970383000402,0
1.9444169678873484,1.096174451631426,0
1.6475256590042107,0.6047091482218443,0
0.9715232585378013,1.5366316590440814,0
1.1548326941526241,0.5526082749591317,0
1.172568288452537,1.3764533171398603,0
0.5700795392429272,0.787066888554481,0
0.7055109662776506,0.9234098594692575,0
0.7821472406902201,0.9251938838603867,0
0.857077041642817,1.1833779126857367,0
0.37865837999722507,0.8045889960997148,0
0.4877736608679435,1.496219627944212,0
0.18699159918674046,0.790467853671267,0
0.8133273651869342,1.4188759747958288,0
1.1571522354944723,0.8804177869165175,0
0.16612853632231828,0.7160347971586615,0
1.3005141199434358,1.0432095643456112,0
1.5877057045865801,-0.02370622893858343,0
0.6026422353182523,1.033788855775863,0
0.8387644689669833,1.1749947334385062,0
0.9027141752011295,1.9027734433608252,0
2.0257772680229857,1.351499030819801,0
1.351038900177108,1.5038418629985835,0
0.8553036098382438,1.1403931222242305,0
0.9858778421285872,1.5118970698961125,0
1.3110460328433884,0.4876959412156494,0
1.2156541090220585,0.37539304102165494,0
1.294957457768544,1.9586002090837011,0
1.3172768925465972,0.9944861315316941,0
0.32853877542255916,0.5947368029947231,0
0.09876957368964068,0.5967417464969481,0
0.7371059772807389,-0.5431039935100721,0
-0.023913852811724867,0.7143022954570378,0
0.46939982603713293,0.594992169249962,0
0.9070508007801564,0.7883086798716812,0
1.2920294670323933,1.0491610666480007,0
1.2427724014414188,0.7446508992419782,0
1.2562235815729415,0.9124982701582247,0
1.1826090745386149,1.6225602548962597,0
0.4778116747091131,0.30683425539590603,0
1.0873653246175619,1.203570233086209,0
1.307088519935873,0.9106274292450085,0
1.3021692883410028,0.5319514847932609,0
1.2167156455059014,2.485605633984627,0
0.9003736637964455,0.9396138615971209,0
-0.2008850790803709,0.6736753526327397,0
0.975797253597946,1.4005107507632966,0
0.5337735247921878,1.0909292386796268,0
1.125112689570791,0.6496246413580684,0
0.8170898216268137,1.0583655132684058,0
1.0146225690905104,0.9259987790570556,0
0.5904452009420563,0.232561702333678,0
-0.012080044790564681,1.6895651857815719,0
1.1741850397114713,1.0977046412735632,0
0.28602860475179115,0.8163695000068893,0
1.308248800798638,2.111944037534107,0
2.0807699291137416,1.1907135191004223,0
1.312666669633277,0.6325352980809593,0
1.3865349011705654,1.1608114611008564,0
0.7094314937417487,0.9721515298235476,0
0.9837159541366286,0.47291629455811424,0
0.6821397244487863,0.5877292270193364,0
0.0221524007957018,0.5525563299403442,0
1.9961044604695464,1.9955324366218468,0
0.6315591527428404,0.9073214495240189,0
0.8587974371260807,1.2946287969109194,0
-0.15977494712150753,1.5289099952581795,0
-0.0814385818264729,0.7402704660424063,0
0.6618272568782353,1.7655949368008867,0
0.8733938844198582,0.8224682076360292,0
1.2353910561650143,1.9770064693991987,0
1.6887914165390834,0.8457907616108377,0
0.9394523767576242,0.8917209282972408,0
1.478967695448706,0.28467688639571787,0
0.32727182653639053,1.1580325277159238,0
1.1234399125107706,0.38607606164805264,0
1.1594503268654714,0.3335575334642856,0
0.8699104902426527,1.5774048585928166,0
0.8452436543732028,1.045406419647277,0
-0.4046431835278217,1.0985600835170153,0
1.1884676952693167,0.4470933700698001,0
1.2154977999163994,1.210838803084248,0
0.7278372718074941,-0.4150020941227035,0
1.193178520949963,1.3049156890532772,0
1.5528157443542634,0.8644778545682561,0
0.6734265901957526,0.07839644440664528,0
0.7766769807611814,0.9404903531052938,0
1.1696399233664767,0.617615341293734,0
0.4435616384176242,0.8467222188482851,0
1.8696092374488908,1.180390088345956,0
1.0443127518901756,0.49591869505598485,0
0.754580162120077,1.2525271431904874,0
1.3411550465032973,1.7077175361206733,0
1.0293165293961,1.3427894494431452,0
0.3557928323596601,0.6130408388873876,0
2.1207635792487025,0.9358807409215792,0
1.3582760824431062,1.1155574178290382,0
1.2202321253877408,1.585999249091047,0
1.3525925123392641,1.0269605877853254,0
1.5619716156972574,2.2390162088229952,0
0.8723428126056457,1.5211444721292287,0
0.5978636078983091,0.9370601781703869,0
0.3600489946787654,0.9749540609928254,0
1.5610703043016971,1.3580501769180326,0
1.2247658574839777,0.38792063489956063,0
-0.04794471354944685,0.27901406244582394,0
1.1487738137367045,0.5611969035478312,0
1.987749481285619,0.5076309732329471,0
0.5407866774569787,1.5793277930421001,0
0.9414810226526571,1.403570563290073,0
1.7161949500360398,1.7477096000687573,0
2.1283234627690444,1.8561897622948318,0
0.7809389969615822,1.1245336095139933,0
1.497177899197958,1.00966027844844,0
1.8938650419533358,1.4847934611875402,0
0.010695715023920749,0.31705557061655687,0
0.5740520629251367,1.9093545380061934,0
0.6234591759453889,0.9701468015543666,0
1.2422320807170153,1.9511900846265586,0
0.5421881141310905,0.2590691589511006,0
0.9454854669306406,0.5032145838480128,0
0.6826215256855388,1.6477427666808961,0
1.3823173596442007,0.8139257626608846,0
1.0894427824148427,0.6533016858372684,0
0.9953364347684226,1.7691720429914743,0
1.0465493353853697,1.2858711117430432,0
1.135004560368431,0.9117484378403081,0
0.8560980876107748,0.8680424650272753,0
1.4700895656895476,1.5888136407695446,0
2.5902101724961066,1.1348347817954076,1
3.357473093896656,0.9549091589845493,1
3.4174092088752666,0.48946684878377866,1
3.070411170933463,1.4275964492199371,1
2.6659134654852004,1.0006177972039567,1
2.8703719792533913,0.5804871317451683,1
3.755254969114014,1.0632469492729109,1
2.6109572628444355,1.3656825500665692,1
2.948244431258517,1.631973494563325,1
2.6492022874368373,0.720579035447344,1
2.4685911081844365,1.72634500064155,1
3.3769999493001785,1.1442612116661433,1
3.3452308404920625,1.4570790661435493,1
2.5887952643818446,0.6646887116794911,1
2.6389353110985843,0.9686437533904535,1
2.6395315232287833,1.1697985653837342,1
2.8537306880599416,0.9522599018331206,1
3.1023574203238784,0.5978605004530975,1
3.7976425100820856,1.1456579452792857,1
3.3605764852307702,1.470164468905153,1
3.231122992398298,1.0178347658129838,1
3.4338886491099343,1.273149481237237,1
2.1810920040954525,1.0193209650046018,1
2.824958452779013,0.3655308596820356,1
2.252184129076074,0.2821508383366883,1
3.3403293762990787,0.8355138513197026,1
3.230600832783444,0.658653557793091,1
3.3253680235396192,1.9999640859831804,1
2.4024801556002338,1.299624543810348,1
3.5331972064896893,1.4932311884239018,1
3.09149333974144,0.978735416929852,1
3.402344838310651,1.7621065377298037,1
2.6989023867073376,1.6331336468335085,1
2.763517017312407,2.3304833197195336,1
2.6486124403125166,1.1560724839635892,1
3.447095679060758,0.21014354729135976,1
3.808192701063295,1.266899471629637,1
2.6482360868737906,0.6016031764713046,1
3.158592462850014,0.516805266270795,1
3.0202267820332196,1.441148561337581,1
2.205776515321104,0.4072088746835998,1
2.857272195250537,0.7581005345215598,1
3.2015616331086276,0.9251433205082483,1
2.075599743488686,1.6562452471830702,1
4.172322180828869,0.9565663755539162,1
2.6583023554787992,1.8552872497064237,1
2.1332324318703915,1.4678945542609427,1
3.10457090157549,0.8447061052097509,1
3.274678190154499,1.2152345317236963,1
3.0552860667072106,1.1877217897838346,1
2.1173167952732808,0.0019575937674772836,1
2.370581729769824,0.4106009063796976,1
2.437161836867754,1.5923648500865233,1
3.174900920763311,0.22659944305254642,1
3.9481861353000047,1.154686190282316,1
2.045336385441139,1.2681347197074642,1
2.954114596354863,1.0210108542249416,1
3.075606507348139,1.9477134907823013,1
2.7232237794166045,0.2913173369355547,1
3.3889900229058867,0.3779304955839542,1
2.9403360501450595,0.7376682239366882,1
2.7598760753118174,1.1008596360461034,1
3.5686443267857113,0.9622570622243378,1
2.5533426602443576,1.0997042237568107,1
3.2928456729115467,0.8635401727837314,1
2.5942113371419695,1.2603966941970135,1
2.9938074200715046,0.2678492188124908,1
2.883644133963181,1.2582399787288803,1
3.3090789432254777,0.9335675563740871,1
3.2728929580408925,0.8138438195843867,1
2.8174106238403147,1.2747315779915003,1
2.4897262797211286,1.8317340265989195,1
2.812609589174483,1.2731289745891257,1
3.447277154869018,0.925015142301719,1
3.499695187621855,1.1851850320847357,1
3.015362930553568,2.891998779779936,1
2.34488361233356,1.239389375575447,1
2.764262119038084,0.6971641209659643,1
3.2670222617348488,0.8049310299306637,1
3.263451311583641,0.9153736328913987,1
2.713617091717866,1.439153975682311,1
2.882243634833033,1.5244791105374929,1
3.4168375902036496,1.124594094433174,1
2.5238236103815015,0.2744296741466957,1
2.8314646236049863,0.6573523457824175,1
2.508904388040125,0.09860173882722545,1
2.3755754795910446,-0.015385018275200224,1
3.398171229464017,0.9766828124053656,1
3.118205920982968,1.406067673490352,1
3.9313007292150104,1.3406148768646953,1
3.298367585930767,0.37724614913648735,1
2.923091864504004,0.3137047519836422,1
4.012964604557565,0.7330953625828833,1
3.162586031055455,1.7700818785418753,1
2.4694090322181,0.8427001373814111,1
2.3020428085706115,1.3344701013050042,1
3.9234433503770463,1.1804350946904734,1
3.400549951233987,-0.012004351598023488,1
2.8931842038476527,0.9785592151672081,1
2.6453787027087095,1.5744617769932852,1
2.2223996967930506,1.2410737744267595,1
2.660595686165742,0.28055568380351215,1
3.3319949395573647,1.0713321770683297,1
2.65117023445607,1.2277967477171332,1
3.5318018696771287,1.0211330546945299,1
3.7684453015761004,0.5954991834128552,1
2.4204809327712944,0.7841218621752386,1
2.9212984057748717,1.3843952360231586,1
2.4410995106042837,1.497466626983293,1
2.8390078237525147,0.49763066180512017,1
3.8347321434574306,1.3903447242397624,1
3.2210499858596187,0.9412818133833196,1
3.3615130738996806,1.6624729970035461,1
4.062951109178417,1.1158726285654768,1
3.0137362725997345,0.5344849195316056,1
2.7320272116255557,1.2522594584945983,1
2.2162101483746106,0.9252542994645374,1
2.557944146581999,1.5922135629448184,1
3.3006970204992525,1.980015431265532,1
3.633390573218014,1.2044321133042364,1
2.332464917356348,0.9768033138468474,1
3.0266520946461477,0.5526725187291739,1
3.242161764441359,0.49597964199483013,1
2.9492292876239734,0.5944937897305738,1
3.460820203892588,1.2672757822808087,1
2.9555453493523642,-0.0997179186814543,1
2.5110661727531434,1.0369083487835589,1
3.18256046206573,1.0123476941199745,1
3.792768465107377,1.059098696280888,1
2.2214237274013082,1.7956136709743151,1
3.0940539946771324,1.710804698771251,1
2.9073522436510992,0.7447965478183243,1
2.788429132492376,1.160617584466551,1
2.881964957637007,0.5926603539016634,1
2.0940397312621095,0.9773955254679235,1
2.860883305318803,1.6118206626606955,1
3.089026581029583,1.3372295218340233,1
3.5187009353511876,0.4467704115518968,1
2.992833112536745,0.4989368975523206,1
3.2365413195312023,1.346275537809825,1
2.4235494459188662,1.4306291154087845,1
3.025837889422089,0.47714359723214006,1
2.5554934557257605,1.4135017530581457,1
2.6568161120509375,1.1869804438254652,1
3.8318679678658976,0.26040833340347624,1
3.2598762582049314,0.8446815551876528,1
3.0133075290465046,0.773713860903665,1
3.0223247391368715,0.6302869342334003,1
2.846415487385115,0.024394409355369073,1
2.707057106909904,1.3867403827707054,1
2.669961539424612,1.111901414470391,1
3.05714076040819,0.7225298941764517,1
3.2639435009785056,1.0216653246406657,1
2.8220199940079578,0.5436863505498324,1
4.394184958189957,1.3195274305878324,1
3.4963875281361503,0.7929182699682236,1
3.42900986961071,0.4014467422234024,1
2.840403001286388,1.472396258659706,1
2.9370221815523845,1.289030212836109,1
2.8500485456563456,1.2042142163942418,1
2.880533044118292,0.9569473283602706,1
3.432261000275608,0.21996078778099393,1
3.17586804209346,0.5428223481027129,1
3.305095844600702,0.5963361727895298,1
2.8871255313297,0.40259116780288096,1
3.069517742327242,0.8178233185602928,1
3.0282300476185426,0.7989125701109208,1
3.0975249065845656,0.8144407147591654,1
3.8072145252489293,0.5301364458730534,1
2.6929369273311865,1.4772962517617914,1
3.3944009629323673,0.9211433693818454,1
2.6539713854156504,1.263203575972502,1
3.3358371924992767,0.44855528960755464,1
2.9553624647396783,0.3405821811277755,1
2.8490055159679315,0.7543007756667339,1
2.8769484414422664,1.159118502354246,1
2.8871771422862533,-0.043226364184938415,1
4.220103069975621,1.4805727648328406,1
3.6561271369144968,1.948342787927322,1
3.7260164664141344,0.10901976165350591,1
3.4025434794674982,0.6105220198849974,1
3.7112483437360533,0.7065282720770283,1
3.120979768160422,1.4763611112125294,1
3.7350011171166915,1.6583721609865578,1
2.6665052253867407,2.209708302582918,1
3.202171501698512,1.2628902447462211,1
3.6659507942206133,0.8752005930989349,1
2.756243185880083,0.7732023855321768,1
3.4303647726695337,1.8683615562016316,1
3.3035033430089156,1.2871286320540167,1
2.2133692712691553,1.1252554097097567,1
3.6797466191963135,1.0464163804005313,1
2.9831806756891655,1.3669647256077924,1
2.7531069061296827,0.7889544529941742,1
3.9857735813180053,0.3932325167233959,1
2.5128476344380393,1.4815596435130385,1
2.2600465258809725,1.0086653646896346,1
3.7097084310158306,0.2785012295115926,1
2.4599391556398507,0.41457142021246574,1
3.29358949208245,1.638940404378444,1
2.530231308450337,1.6578561593042669,1
2.782364305565289,0.7954043362281973,1
3.2437078260251297,0.4597940320645105,1
2.0446682028362613,1.5006626822814542,1
3.460532521635444,0.22306376625730306,1
3.2809048865337602,1.956421813838496,1
2.40254415128323,1.1119060561567302,1
2.4814642110058274,1.185769207785026,1
2.65863773302328,0.3309677380270193,1
3.5442198415521733,0.8077524273584917,1
3.2596298419080236,1.0222769616135303,1
3.1505257560823976,0.8374131236331204,1
3.1113176851533892,1.0613273335411584,1
2.5596327659796825,0.23470951627212577,1
2.693390051146518,1.1233683572240931,1
2.2206352934412648,1.1968631766437272,1
3.076161877164812,1.0836832995763213,1
3.746193322971417,0.6984438547416645,1
2.2394602615807733,0.3157934763452106,1
3.1047339943396124,0.28026452165607674,1
2.712657000048737,0.1070608933411279,1
2.2860265024262736,1.208431139766403,1
3.132499009796201,0.37471344803357565,1
3.985680812532337,0.998694659198941,1
2.6035270645879005,0.19515170808726723,1
3.1945431012408054,1.134265128354187,1
3.1701600961986642,1.4262943696164945,1
2.7182463131457193,0.29995408643867816,1
3.745569664065558,0.4313668434696376,1
2.905041910956384,1.7157234359967541,1
3.639933606273176,1.5173576872414756,1
3.518039451260992,0.7370955155465602,1
2.945261478943908,1.1674900844154943,1
2.6345675836962417,1.411175612977082,1
3.6185757107998904,1.6722106447815284,1
3.367714407040444,0.7568015892508604,1
2.62266751277581,0.7584824188366964,1
3.6649745065349473,0.9513756213704121,1
3.180277841184155,1.0993536951374574,1
3.1554749977777288,1.52411816809327,1
2.7020006342518874,1.0016184331556677,1
3.007643988777488,0.8755711221128191,1
1.924927592933667,1.0844629170294395,1
2.2160477858967305,0.9002045661591426,1
3.4763861395664515,0.5843823092603873,1
3.6015657350484256,0.8064928869732708,1
2.6228193622602074,1.0419343925070443,1
2.9213625480652885,1.6162197608254623,1
3.241032878096957,0.8457030020831838,1
3.080607711177228,1.1890896594165028,1
3.1619291522054067,0.4568172219844341,1
2.865618325906815,0.5247505356010588,1
3.457627116939694,0.2722556837766845,1
2.813058732687464,1.6163989409796455,1
3.4571575090321223,0.5225823398813563,1
2.579312097687104,0.44871114621996466,1
2.8859720266337545,0.5741283638904197,1
1.7309820876436393,0.7242747792691203,1
2.6938082191493242,1.8099122250349797,1
2.6807450638657717,0.74649683152301,1
2.98901734453433,0.909471787622701,1
3.1352128051587282,1.6722946879779732,1
3.3882597973320956,1.4669080479541297,1
3.0811426800426345,1.236264875566416,1
3.3055543348603,0.449248535754285,1
3.4588353534314504,0.34134057533182716,1
2.903778112048443,1.3804131502435761,1
2.7045880802560056,1.00245973254688,1
3.927024954065361,0.8905176324943265,1
2.8762863974108703,0.8745565113717181,1
3.9727708497803023,0.612795483695024,1
1.9351151473511836,1.1741032786032142,1
3.082840408647001,0.0690026528829466,1
2.857627579632541,1.2235490674385465,1
3.649342070012564,1.1532638878442507,1
2.8024982996446286,0.5265034287731767,1
3.2524316881937483,1.1820234728955998,1
2.8526623655417844,0.7108153900574963,1
2.6588693428770043,0.6234782048825545,1
3.297020702711706,0.6538315772907733,1
2.7476990031311836,1.075306846958828,1
3.1521704639473183,0.7396834383140305,1
2.8532985540538776,0.7684243970953022,1
2.989707493223479,1.4693290956583303,1
3.290945759629252,0.4676618059789295,1
2.2296361350031004,0.7541954828497277,1
4.012350473670614,1.3921461315769492,1
3.2155833069876225,1.386113685071058,1
2.700368216737855,2.7157954760788456,1
3.2941673098496445,0.5549679667351908,1
2.9569991755142313,0.7953671627925816,1
2.603650604902616,0.5200950037913337,1
2.965544890559038,1.3478854184473616,1
3.5718432952334727,0.5945775296095748,1
2.989272808121428,0.5842488971240252,1
3.206786608292797,1.716161046355536,1
3.2226090937844685,0.9005879574940869,1
3.596025612691741,0.8165157847178763,1
2.9902241302502293,0.029613947826923392,1
2.86983678064889,0.327318174167361,1
4.056990710174217,0.03931780800604545,1
2.3891713752054793,1.3881715520455846,1
2.832745469694689,1.4188212806874931,1
3.5527971511373524,0.945614512420655,1
3.4746786774672156,1.3931837143853838,1
3.0182417801924264,0.026021631100393017,1
2.515244116295924,1.6964100882808286,1
3.4342743191835945,1.1529172877830185,1
2.300225709868254,0.3839309516487127,1
2.8120883932194487,0.47631381530603656,1
3.175292868838488,0.06500169272800504,1
3.0210696248600755,0.5152387406701748,1
2.9778518033353447,0.9758014266553006,1
3.429580740615862,1.3639786970814938,1
2.960787182498547,0.7031705987340393,1
2.531781240027082,0.649530481944001,1
3.1960285844806346,1.9745028651431402,1
2.796935106054078,1.3746566974339414,1
3.568700030226634,0.7977768266507205,1
3.057819606157806,1.7403408817270063,1
2.933035230378464,1.531111724235489,1
3.3733402121272635,0.48622818573197657,1
3.507800707623827,1.0039098460475628,1
2.6626239549201998,1.2322569385440052,1
2.9123920940165835,1.5972857465916803,1
3.1390423733305317,1.0292158243856535,1
3.729560503691558,1.376189866269739,1
2.5515503620354067,1.2862637908621828,1
2.887218658617768,1.6186415182023248,1
3.1157602511572704,0.6319601493117029,1
2.4129438131146923,0.6251256397134699,1
4.111204232446961,0.6563417477854661,1
2.3558708264318806,0.8407795067597615,1
3.4862876956670106,1.5987756372430524,1
3.314362280849288,0.9984139513718974,1
3.1309535332024367,2.2899940142477617,1
3.8496048776694156,1.7566353975818427,1
2.7400297632309334,0.6398940903277828,1
2.124614915882356,0.5304644434093615,1
3.906998588654592,1.3013958130842256,1
2.602092683233755,0.7264795734778893,1
3.038173872616324,1.2554793931116828,1
2.3432075734138915,0.4349476510067052,1
3.313320198984877,1.3475194657351772,1
3.5693751565275003,0.8187929049141415,1
2.519984344682628,1.368143882101546,1
2.6895125305754033,0.23007857097261164,1
3.5252363810234533,1.2223736467693378,1
3.7932603748739497,1.5349597996614741,1
2.8802338070889117,0.7594559936136307,1
3.365381146168791,0.4720261214386443,1
3.0419160172758843,1.3848807650641073,1
3.018844936168916,1.425054588309778,1
3.1036017875797497,0.6195372408349642,1
3.4055190523574357,1.0374680716585796,1
2.2759440011172574,0.8096956262000155,1
2.425440816384382,1.3624271678283706,1
3.0948749995000595,0.34558979373498777,1
3.026254223180511,0.3292274697864721,1
3.2905076772968362,1.1295795264168493,1
2.5751045310337277,0.619877385579277,1
3.308965407898754,0.7141770347763269,1
2.246310238427149,1.170068970347127,1
2.685560437393684,1.0350977093053222,1
3.4596752503128085,1.116210194753457,1
3.98924160127309,0.763489967291706,1
2.5406385039352606,1.0835292921614221,1
3.7217888262586003,0.5128822340009371,1
3.3604646570238748,1.178118453597098,1
2.6869732449705417,0.525205127685118,1
2.8062335322235845,0.32102828380991544,1
3.522390316775348,-0.009531803005803363,1
2.753712719800983,1.5126465690081616,1
2.8632904860535646,0.8340811125937674,1
2.73224477655855,1.3264049067688308,1
2.3513599083927725,1.5781506055243846,1
3.1314749806895708,1.3444026270392677,1
3.3166810371448476,0.7355578488742431,1
2.4474559978766046,0.6112425609298797,1
3.6999877071749605,0.41865301194420945,1
2.4287800432173325,0.762260207214321,1
2.660165418663938,2.1893044585594925,1
3.637717458175733,1.1984330644379746,1
3.1886435152343835,0.6391103226842167,1
3.310833799658476,0.8806614889588431,1
2.7412330193847563,0.7825933401881646,1
2.105070820522872,0.3613543170873684,1
3.111647378681331,1.8421624594484933,1
3.243488385956854,1.7158578965753142,1
1.5578722099070657,1.5863400624782145,1
2.9542428310446844,0.9938386121277403,1
2.9932488522675826,0.37069654632214233,1
3.3108125309789784,1.7557373020430065,1
2.934577840413649,1.6631563758578363,1
3.0730680008897466,0.7956348987140247,1
2.770627732264373,1.0583228686930153,1
2.7280262185463666,1.0081587885637704,1
3.0852086910166214,1.1092487448719213,1
3.1327700192117574,1.4296757843118022,1
2.5479931608400164,0.8638969494540756,1
3.440611412083265,1.6029494465079939,1
3.074173153039479,0.9089257383559872,1
3.511820326017497,0.8981493462482761,1
3.193502870087076,1.074660676362752,1
3.0644812467326874,1.4172389980165259,1
2.301772714724442,1.2001815297408687,1
3.090406510157152,0.34103495519886706,1
3.6197916291997223,0.7181224678793834,1
3.273192003495802,0.5455169018656172,1
2.2029826440959326,0.6078360057077197,1
3.498860843179935,1.1817287455207497,1
2.396583095078891,1.3766114389141955,1
2.9966597052996597,0.7962202802678411,1
3.204551750189812,0.5573554553105038,1
2.15172980729983,0.9025568419175363,1
2.725483673011544,0.8599535450809094,1
3.2724573618408437,1.54793529119377,1
3.4571272956735752,1.3143500009445441,1
2.1651956155399064,1.7365663725888527,1
3.543058499894709,1.4175546451013568,1
2.6082363818666883,1.198245248645969,1
1.9784537686849004,1.8470986368456899,1
3.309077343673781,1.2248803341120005,1
2.884342148394244,0.937868405051996,1
1.9324683789938817,0.6475113468893294,1
3.558997113612256,1.792102178330611,1
3.3564224387155073,0.5912831971375911,1
2.70017066943183,1.29446717069212,1
2.7717051165741413,0.1891111666456039,1
3.015848512534368,0.6979365204672607,1
3.845647784396104,0.7678912868971834,1
2.341030045858022,1.5866128012170448,1
2.557801216913284,0.6599578118834456,1
2.7756965700972973,1.794390524681523,1
2.454524376310489,0.8942455176037598,1
2.961132981532369,0.43590846016399787,1
3.4275258105179853,0.7815129153826547,1
2.8469082560479713,0.9137030979738074,1
2.836773588210743,0.7944179886524101,1
3.1289282522220367,0.47840072411669354,1
3.674159503117365,0.9553224596410332,1
2.8088331651324183,0.8527361457381425,1
3.776453187734166,1.0571790398567804,1
3.5090466600793295,0.805084695303985,1
2.710444538777078,0.4109764476330031,1
1.3495561677315366,1.1617195328284455,1
3.201679136107517,0.8116836638985787,1
2.197213094116604,1.864460355358152,1
1.5070002555568307,0.895101461093784,1
3.4956643035424424,1.5811073567233864,1
3.158892655212276,0.40776582983533693,1
2.8204687249796807,0.9670947077744174,1
3.6965325225101577,0.8418198612853872,1
2.435730505500709,1.7049287987163066,1
3.477134681477977,1.8444457732399266,1
2.3048722900727037,1.4352411311097166,1
3.143986843166024,1.1921139509936143,1
3.4837871969233563,0.534571377302806,1
3.036731233440456,1.0240383523883358,1
3.0407130665471023,1.1708188863371725,1
2.949305048547878,0.7022918908537154,1
3.0715562582388287,1.912886433964751,1
3.254415286714905,1.0967695975117893,1
3.6084853815823914,0.6787043467703281,1
3.0319124268923177,0.4788020672180572,1
2.1901803872911603,0.670090665795525,1
3.438349606878872,0.9407477006339621,1
2.8633056732150766,0.35303274069330726,1
2.752163413483898,0.6304269152004044,1
2.7770483487541413,0.5427457933986688,1
2.9140960814512264,1.9276570499624355,1
3.1538978519377863,1.2478258725585052,1
2.8640112144252976,0.20220636839375628,1
3.1695973467068117,1.3509983851658278,1
4.062891194611227,1.2582725623210096,1
2.4367019727421133,1.715789933383621,1
3.43355009308686,0.8618296145125028,1
3.774405020506294,0.8233088250020458,1
2.4192054751961027,1.315971540631933,1
3.250986516764341,0.7717362773491706,1
2.5298872562568815,0.6785319747196503,1
3.8788039352352834,0.9285007998552957,1
2.5317990628031364,0.9458659596476278,1
3.1704895504356565,0.4053619863819593,1
3.7142251420825065,0.6146793611572781,1
3.392063176893531,0.42470381790020884,1
3.7017335619060034,1.804647423590756,1
2.936936997188624,0.8874086373793292,1
2.696446911506287,1.3681303755951746,1
4.1216852400647355,0.4050598097910698,1
3.837993054811647,0.8174891854840115,1
2.974769770639445,1.1970387380105398,1
2.8571308811018112,1.043107443915408,1
3.1446068132304776,1.1579383532262049,1
2.5497043951040026,1.645314229010674,1
2.2470769990687116,-0.0900234461455296,1
3.000883687493754,0.2614595333708184,1
3.1144221078107446,0.24355338225905832,1
2.8863990197599882,1.1790071735025829,1
2.9269306692133847,0.4886603238068875,1
2.912057945611877,0.2089878406074066,1
3.292480627765546,0.9630583494269512,1
2.902035051243311,0.3887393022678457,1
3.4871030620676184,0.4901113759133643,1
3.109124270359206,1.576337386797868,1
3.718243620157562,1.3820956223767777,1
3.269082099565621,1.2557798568989333,1
3.061569498124648,1.1257566411437665,1
2.313980448290903,1.2190592240738904,1
3.706711830821599,0.5907912623334007,1
2.62009939199124,0.7763626352959422,1
3.050789836736914,1.572061940862626,1
2.579648208425757,1.657317951326461,1
2.436947187869296,1.1398072069465566,1
2.374565981662293,1.0465326397603725,1
2.550776200539393,0.675580738674863,1
2.874237304635288,-0.2596482806462004,1
3.130404340422178,0.906375020381269,1
3.7294525031696897,0.8989949754140519,1
2.5813475802261534,0.9781533766271238,1
3.19064648569676,1.668640207662814,1
2.568474072627288,1.2146411152573504,1
2.8421577481145612,0.9628797976100487,1
2.4954027750667827,1.36464269936722,1
1.3346938324135598,1.2133177495623348,1
2.206904533975555,0.8016163426246836,1
2.756066696979732,1.193939635603222,1
3.5170675080826266,0.9197841494088627,1
2.9221835382121095,1.013792344462457,1
3.1123591501973165,0.8827811559104339,1
2.5911696125732355,1.413291435354538,1
3.466487142881972,0.5171480917479636,1
3.035733479427438,1.1774238677113105,1
3.2624197068250953,0.4284391792731591,1
3.3706559105099667,0.7247454181744235,1
2.583489143395825,1.3834914313214162,1
2.5965067184196684,0.7309565471189258,1
2.979563812679833,0.3510361745198073,1
2.9624867413916047,0.8474942050108741,1
3.699056302302326,1.3277167774110479,1
2.350314689930941,0.9949614152779981,1
3.354526151842232,0.6655731399211531,1
2.9931381426626325,1.1749995681231256,1
3.8265073052784215,1.248352155384921,1
3.675325314491745,1.4618449183182842,1
3.1258522765391064,1.2421193525691538,1
2.763973203267195,1.0322844099720254,1
3.1132755951015434,0.395430956988966,1
3.687323190819339,0.6542190485074002,1
3.3106677680573693,1.0788665925409748,1
2.4196833982404464,0.9210615134940323,1
2.5376034565727994,1.521070677895478,1
3.0940594952193705,1.8288696627627425,1
2.684826137111752,0.9657120161821791,1
3.189470429634535,1.0221816810660251,1
2.924584382369842,1.1757232496313266,1
3.1480407349960102,0.7509180155823992,1
2.8564833126118256,0.4115355100627699,1
3.0582541630197855,1.2518154825287924,1
2.9878765009241364,1.4417169946734034,1
2.7427650501798135,0.9714534914944761,1
3.5287020737796917,1.0411063487749204,1
2.707261957862237,1.6272350499807215,1
3.7627446573461762,0.5840094333897595,1
3.575602680298424,1.0668845296068017,1
2.247120874425586,0.8065373245005951,1
2.721396926193024,1.5755107611589425,1
2.7077104425689895,1.2137684532247544,1
3.2167299502804823,0.8593107717334175,1
2.2865747279719786,1.5277300694167995,1
3.382577758626495,1.652544708860312,1
2.694291962041332,1.7458560537169792,1
3.295588667663815,1.2191474261401976,1
3.508783038146519,0.8704930861067932,1
2.883449791057551,1.6034778033995187,1
2.84978820521694,1.4822328523103412,1
2.563841107061009,1.060482843851969,1
3.227048194780847,1.5907014889702997,1
3.8385468485772503,1.541765782714355,1
3.2954725688823894,0.5675055035535445,1
2.873762434403736,1.2321771114077553,1
2.997303399531774,2.283879971303119,1
3.737570221749843,1.0983136822656925,1
4.285649434632881,1.0967807409569055,1
2.7615391807507237,2.340739329800002,1
1.7759558385357281,1.1491776476473765,1
2.2860569439729437,0.1764244254534133,1
3.489434485499556,1.2591794434952945,1
2.923633509309362,0.624028197058639,1
2.721514082995423,1.8439435637703225,1
2.9907205381001956,1.3605831624369507,1
3.8548114016004806,1.0771906857484923,1
3.683696792664608,0.9603768641377565,1
2.466132550878022,0.5204559108334557,1
2.844546958772845,1.1392469198426918,1
2.9351663147194262,0.6149410683178225,1
3.2799266863274528,1.2801747162654422,1
3.6506506810217667,1.0620603735292504,1
2.512418223838643,0.9840440607803753,1
2.00464099877941,0.9043921588161338,1
2.8746947003106733,0.5738867963598694,1
3.366875209021877,0.9716133876618895,1
2.853633293143695,1.5331437461658688,1
3.5129689053389037,1.2611432121767807,1
2.9112150955899883,0.1996288089379208,1
2.2744359943253514,1.1224879200227016,1
2.20998069522914,0.6218173002290868,1
2.5550111724198517,0.6573722391640716,1
2.288359246240734,1.9978841146946522,1
1.6388630325398887,1.2941977085652723,1
2.279696629199649,1.0422485337823524,1
3.040395707518877,0.843764538416941,1
4.327719496654879,0.6613668124246528,1
3.1224533627449667,0.7359567552371301,1
3.356428503994097,0.9166122415740097,1
2.8010967718567326,0.3505205071140196,1
2.8950081990734584,1.701755392554679,1
3.3622179328936106,0.3333998276498201,1
2.6586916914628906,0.7233826394119023,1
3.6857571046337845,1.0443333952652327,1
2.491100675122741,-0.051829517314841755,1
2.288841836930221,0.26736843283308587,1
3.19855029372692,0.7008532446122636,1
2.5311294391637915,1.289932246254606,1
3.775500660247892,0.5557131923244778,1
2.985013035381356,0.7807367433444463,1
2.5606105947429785,-0.139143511621018,1
1.8544131381889515,0.28996820479693575,1
2.716733013263979,1.7882723661820843,1
3.117458060218745,1.4105641732097662,1
3.4909136594170254,1.8223620080107619,1
3.151408015821562,1.968388843105205,1
2.9245420900941603,1.3818979054918767,1
2.8408329446321248,1.2777156765842441,1
2.9331919015047,1.7010236425196459,1
3.4795759042207663,1.513790959742614,1
3.120085221196302,1.415032567666668,1
2.209488665967056,1.5311462653553183,1
2.5726143343405794,1.0812468243462137,1
2.0330768761290794,0.8726792235228179,1
2.8198513457755063,-0.04925336181133755,1
3.122620066654318,1.479268996214712,1
2.676482726817099,1.625010205367282,1
3.2235048609057517,1.7117061763522448,1
2.8208076792781447,1.8325502537207754,1
3.0285904550904577,0.7083554441676545,1
3.1409163405850915,1.5453635853091383,1
2.420591889418343,1.4404308732741313,1
3.424721302671194,0.19563684523928493,1
2.967850075255816,1.9575308786012882,1
3.5958033328676873,1.148003598166702,1
2.863466764730073,1.0098314133727169,1
3.008211689396196,-0.04154027455923126,1
3.4055765833277785,1.057991586003695,1
3.0672631260981724,0.9651231120172035,1
3.0108370550226633,1.4257503778758354,1
4.052118005685706,0.8212747552490283,1
2.8882924359691025,0.7688243564876511,1
3.175232977227134,1.235922193647401,1
3.0758842898071412,1.6688270473958586,1
3.8360606302116382,1.2185507049695254,1
3.713664758846925,0.49713495683524056,1
3.128039152046898,1.179895668140148,1
3.300808407334432,0.9715314852411523,1
3.144054026860069,0.9178136412465957,1
3.2744870197321836,1.5875852092865266,1
2.7989603100878635,0.8348109433982314,1
3.156212807782994,0.7127452207594398,1
2.291469251991763,1.0150111197681273,1
2.703698024758022,2.133156403767184,1
2.6011564942382246,0.5332358456734392,1
3.1144305531331473,1.0422838425251961,1
3.479478425261526,0.6017018319984204,1
2.4991222946609497,1.6385161569731754,1
2.93702975894299,0.8317004068306464,1
2.896055781584787,1.1056113028839372,1
2.1989867403497403,0.9684762811592857,1
2.092697945482323,0.529325794854901,1
2.7518084239038374,0.8239085877206381,1
2.554498166191809,1.9606361644036214,1
3.3358020518938076,0.8456827466294324,1
2.5065885957474525,0.4537263958315746,1
2.6863375107435083,1.7925627998026479,1
2.9296011664223682,1.5432863680121445,1
3.5470712802120774,0.11384657712889723,1
3.12617829983519,1.4087748709318548,1
3.0185901995531204,2.059392902901178,1
3.059889930880691,0.5845694854035408,1
2.592285436809134,0.9025360117711265,1
2.049051206781725,1.090403697536905,1
2.6128214443897315,1.0604119999777866,1
3.0172056678364134,0.4360947326361685,1
3.0380484343525667,0.9546530321195943,1
2.7081874324812105,0.900611643058048,1
3.168687329320581,0.3885597078962908,1
3.319704045366367,1.0758886207468688,1
3.137151811958599,0.8657363483538452,1
3.0914224678928455,0.7418013959014587,1
2.952179278820686,0.7036379159140422,1
3.036748522307201,0.33977540798003936,1
2.7127608353510215,1.1093810608114834,1
3.7179481261838356,1.0224076610474084,1
2.955760363244289,0.5700786016068713,1
3.5824681228074695,0.25765003744903237,1
2.769382145168745,-0.1134091982007468,1
2.753900651924031,0.49991274352809223,1
2.879314413788873,1.523919486636574,1
3.111650322868989,1.0929335074104354,1
3.3678748634656843,1.1664686925410204,1
3.57464441447985,0.1392142336777008,1
2.9528855698333296,1.170709968626142,1
2.4438356910133585,0.5220344917919615,1
2.481065745484985,0.5593177630269485,1
3.0373142867855965,0.46837881468843967,1
2.9608638626237376,-0.006122537835485664,1
3.276060168055128,1.181859956131157,1
3.7347827238462727,-0.09019795314728807,1
3.133291296354483,0.9690248570944694,1
3.882114073650474,0.9980906813227969,1
2.6091975452472336,1.3005385321709324,1
3.0357148821329583,1.3481583714566212,1
2.5336037977913595,1.0836700742594032,1
3.092255988162401,1.062846533095004,1
3.194117398114645,1.644080699813908,1
2.6541907042212682,0.9222903364120214,1
3.918055299906003,1.4205766937877127,1
2.6199483100262047,1.225973750412701,1
1.7337188465042102,0.7098001245402685,1
3.27348416850808,0.7951521037979573,1
2.3043827327254562,0.14512976861262195,1
2.6473440517220284,1.0015417952330998,1
2.6575042970248557,0.8977220471035352,1
2.4910992907124134,1.4697297336922794,1
3.5849909758350105,1.0452491036157991,1
2.98570361757154,0.8907211966347985,1
4.3335996814099325,0.9056885875857824,1
3.2196538387707854,1.3325577118527427,1
2.0533608576300475,1.0680473464209181,1
2.921127948109795,1.4524480526541779,1
2.537624679994063,0.6570444098193231,1
2.850570017747733,1.4683884061208112,1
2.5452009632017982,1.5099866253293182,1
3.986564584632819,1.379382455129051,1
3.626404923180217,0.8253314446673101,1
3.735910562019498,0.7715273924962468,1
2.078395801503767,0.7963438862387927,1
3.5069519703022523,1.9484258998663486,1
2.8746429205971165,1.0112337725020928,1
3.483845620318891,1.0032219984844408,1
2.9243075092361437,1.5717494628248565,1
3.830523455255701,-0.2589245056675349,1
2.338830551831335,0.8168937390413945,1
3.911058715870664,1.059569989057579,1
2.7960137041684225,0.7409349366821265,1
3.2250300914546712,0.870082479943064,1
3.540110026059537,1.0671282117604828,1
3.3915093937042022,0.6628186580760536,1
3.733556534662177,0.9114351096781641,1
2.8921284400058713,1.3528221268030123,1
2.8669901394592117,0.49667057973498163,1
2.1674553931633733,0.7313571854284087,1
2.414750067165537,1.0309895083834224,1
3.1621044130987155,1.0661500389534764,1
2.4447530817257803,0.7382146743721864,1
1.9621273638185837,0.6184848602808608,1
2.8231293227967384,0.8133031747942853,1
2.862854423568634,0.9224047760662066,1
3.4633717873931156,0.491341477000937,1
3.669950861996955,1.3431432868975153,1
2.9048528471298116,0.4796877709177393,1
3.5294492901714527,1.1351738233286457,1
2.777460988505939,1.3710748525989016,1
2.549606799227226,0.09328902791734128,1
3.00575299252147,1.266927402081217,1
2.9238086039418407,1.565357449594947,1
2.27976813778429,1.2440296161036901,1
2.6216904471576417,0.5413148556848958,1
3.443554331697936,1.8925122800186516,1
3.895710226546255,1.0350179437603397,1
3.3340459435317973,0.7597468636349608,1
3.8579732730398253,0.30161060642710724,1
3.139715465676075,1.3488628043972954,1
2.730915672567303,0.19251537813219277,1
2.615094224145597,1.0235266322605552,1
2.6774147117699836,0.4916065342977085,1
3.0277793821893644,2.046606764829166,1
4.320317723774936,1.3867245138312012,1
2.766828408827462,-0.7535246869812311,1
3.5050824642849485,1.6998192884618704,1
3.3205279887678207,1.7624400032865273,1
2.9602600615573333,0.8709926862981434,1
3.263717834102844,0.6840065772734416,1
2.8797967121647927,0.9605963143808136,1
2.695973971093823,0.8150209028675045,1
3.52729313484443,0.4515888518016986,1
2.2108109186359197,0.6758745205502006,1
3.8809347965574714,0.8265385528642573,1
2.5086562299342687,1.165003424654396,1
3.1776157822496245,1.8268069374873153,1
2.8575121589583174,0.964419790741117,1
3.5564536056655753,0.6691872031868349,1
3.6907433045044034,0.9663349850143218,1
2.725852580536751,0.22364990485960734,1
3.149998754666779,0.7458149100495608,1
4.101260145267976,1.2475831414175853,1
2.8981589737503546,1.1808810410652408,1
3.692580288189562,0.5039040012008607,1
3.2017282500735913,1.349103219207392,1
3.363494058278008,1.2244840590439459,1
3.387189008087627,0.2832238270332954,1
3.5463570064420065,0.8866875742295628,1
3.4687901785704254,0.22910773512709148,1
2.6531972341236116,1.2844217279261898,1
3.17258594640577,1.3439330155980067,1
3.0824652809640547,1.4120028372464555,1
3.4820806185765636,0.5471183431858682,1
3.0019605021984237,0.5591516310201988,1
2.9130390828178307,0.775108705144072,1
2.3501641001222815,1.2065143043026305,1
2.898309406938441,1.0679143318211348,1
3.197913893535899,1.2951815976737604,1
2.635277117370996,0.8898427041230191,1
3.7273491402126835,0.817183118788319,1
3.2507167894233637,0.49060413027207483,1
3.61799022328806,1.3117704777287313,1
3.2672542122106933,0.5322601042130191,1
2.8741093570337752,1.3518986524805672,1
2.907536077721589,0.8652000058951271,1
2.246540510482148,0.601742776281891,1
1.714090149424017,0.9576228280232482,1
2.785318617007286,1.0471083802005792,1
4.12155508142884,1.5865292400380269,1
2.4828736373130864,0.8458787624532867,1
2.8333272782806818,1.2592707845480082,1
3.392855090915731,0.3538899166787901,1
3.4214131984396685,1.1780523411117696,1
1.9050770071039698,1.0887219111030884,1
3.5617664742607795,0.7733656297361823,1
3.2363509828554724,1.220888593146992,1
3.2084888049378577,1.1855621337910813,1
2.785455032829185,1.1767618705500447,1
2.993233179254473,0.6815756957254269,1
3.308259222762767,1.3582730668252396,1
2.651025564571349,1.592613830550956,1
2.5830886287377495,1.6167063743608505,1
3.5294911664169906,1.1757799991092677,1
3.5114492156732267,1.3831842556636098,1
4.537573112331141,0.5659321908776493,1
2.9879565625198157,1.2090171038515871,1
3.744740498126597,0.3633949186258302,1
3.123626861878895,1.3127474464399809,1
3.666631954945247,0.6738208832965802,1
3.7047745922259714,0.7943748509653484,1
2.77010340919547,1.6873040702243487,1
3.186752033120438,0.3806679650906777,1
3.0038836664103195,1.3477587209441002,1
2.0873775441317983,0.8041572598887038,1
3.2481590828569353,0.5399283654034359,1
3.768292476576896,0.33656735495755186,1
2.1837727299726972,0.6475412376161584,1
2.950749208108791,1.4939126700586283,1
3.0498826902367244,0.21791134102294207,1
2.707438725368645,1.5115259729758674,1
3.5109150409851915,1.4955723981074778,1
3.4683134919759646,2.458720677880722,1
1.9465687059810968,1.4959795401264167,1
2.629425490840871,1.1647418380416543,1
2.817869929083171,0.5411903570024157,1
2.8211227527290497,1.379340933008264,1
2.7009282724287305,0.02481995762776701,1
2.6112002253006237,0.5256185008341269,1
2.343735971445534,1.9665099321035944,1
2.9284490833727572,1.1640848655690241,1
2.6001186864512538,1.1623812077662692,1
3.4656272575994307,0.2739507693304116,1
3.3647769708036552,0.7625931422490606,1
2.5769137529874646,-0.32560783090999323,1
2.8971753481057037,1.3517131220717067,1
2.752512568668981,1.4133947002398006,1
3.053353691076564,0.7200775509193968,1
3.7804508806345534,1.1257823987985425,1
3.0844483964613305,1.2503342200114826,1
2.343492426227418,0.4091074763392867,1
3.503400750100723,0.6488051616061761,1
3.405427309607985,1.0904220224760208,1
2.8467782079343347,0.38198058903021004,1
3.2154157514154,1.375919117835035,1
2.763913382645154,0.28225482336996455,1
2.201519572701021,1.0930076821066126,1
2.3227053216737703,1.2785897892154567,1
3.5658345203536066,1.1265661230864161,1
2.841594145459736,1.5526314438445699,1
2.723410040871953,0.945568572910737,1
2.9003629245662186,0.834926420368942,1
2.5350376493504814,0.7858090298729582,1
2.8765664748925226,1.2940826016818987,1
2.6922769520120267,0.5178852254872761,1
2.450300094189399,1.235372704681018,1
3.8422341711373864,2.3771116289613374,1
3.404459131040918,0.39411440158896116,1
2.6659454307770933,1.40165949193713,1
2.703646618161327,0.5648210543032051,1
2.770602895718706,0.48923708890975826,1
3.6840902786380854,0.5840478694004139,1
3.2455769453745975,0.7449402910494627,1
3.293221586338148,0.7133385392652887,1
2.7291465340115275,0.31694914976434174,1
3.5931830265059688,0.9741465203733246,1
3.3316642459296593,0.14346214568880467,1
3.4120526234455544,1.067212739794422,1
2.4365832716974434,0.7794054802777981,1
3.0569297209989874,0.7975823212147182,1
2.6267188484073807,1.0305247756465603,1
2.42357760832774,1.1992325927029466,1
3.4685433064191993,0.7707806469675605,1
3.448164355669801,1.521598259423683,1
2.4241979901077064,0.8091568040507408,1
3.6594181511612174,0.8960430101145958,1
3.3444877847210934,0.9482549340913767,1
2.596596473529874,0.25801510135343053,1
2.4073709606293248,0.8861463519336792,1
2.5954443438219963,0.7097371867059601,1
3.0829058638808577,0.7727408146542215,1
3.165781177953742,1.283895647222731,1
3.327332996505792,0.4106021831072697,1
3.121699221788768,0.21454122006269571,1
2.239400843271661,1.6610379468825522,1
3.4153811860139602,0.8903230986994942,1
2.270508686401813,1.0179448316222672,1
3.329424409695092,0.2632617706967222,1
3.424009244393314,0.7869627967624113,1
2.7368296421574474,0.4174040858376027,1
2.945129941893035,0.6312495978126702,1
3.307563253601655,0.00033184928562979277,1
2.40596091346792,-0.19699433458678528,1
3.2966356777130192,1.2841094769367944,1
3.197222070803186,1.180104548939673,1
4.031392907435798,0.48956714668345847,1
3.1207123088391384,0.573316241007086,1
2.757665794656723,1.0813394976968427,1
3.25211012292524,0.6515545748382783,1
3.9100298168031626,1.6476831650554367,1
2.521274960393078,1.3295026373177568,1
3.5746250263509105,0.10927055417330833,1
3.081133348695921,0.8466913536469042,1
3.833313133502834,0.7872743271055971,1
4.2552732859619,-0.07982353244222651,1
2.992109776483885,1.5347658026732385,1
3.185324509403565,0.7627778354116344,1
3.8666041044765036,0.9411655726403226,1
2.6503791291583334,1.2927750060352499,1
3.127344806645674,0.9171087738466718,1
1.8592286613146018,1.7815487896774136,1
2.6583643602130462,1.5492492490026897,1
2.3806992521008103,1.147482834343727,1
2.8571694969670456,1.387570119825849,1
2.6207718466143373,0.423015547946231,1
2.4681864848726365,0.2854144564288722,1
2.914567445596251,1.0843267305650206,1
3.1123885985421125,1.6787997250078899,1
3.3711043011025033,1.0688180806698273,1
3.730613543077914,1.1168062463129147,1
3.861284753496072,0.6440720664457097,1
3.029941797638121,0.7491651268328845,1
2.5102861025553835,0.9288616656733533,1
3.5292738350539428,0.8262632535158301,1
2.8616744858927667,1.6887580830983608,1
3.0786503341826057,1.472282964703983,1
2.968644855638567,1.3642767972464105,1
3.024077509317596,0.48200037284482,1
3.141824670260103,0.5800982156323657,1
3.356815923098995,1.2117442361458086,1
3.528859586074734,1.152775666309819,1
1.8598626633201445,1.897845505325276,1
2.64034899067088,0.5640815269377073,1
3.2627012471442933,0.7607624896192251,1
2.6390969898455268,0.8254597080770472,1
2.9219587837403243,2.037700257608448,1
3.183056625606053,0.5992697699872256,1
3.1644812326781424,0.8668957968428114,1
1.9701349508801715,0.11029080103402888,1
3.842124091662527,0.7184811014325946,1
3.9200023675402176,-0.21585066634796068,1
3.5519961730998837,0.9637342500908938,1
2.7745247439687986,1.127502169049417,1
3.055085665427352,1.0753638446571774,1
3.652047274088643,-0.3189899308236779,1
3.6734348168998237,0.3796638778035195,1
2.603296547775557,1.3871328480134406,1
3.6714899595417445,1.438368370230939,1
2.797183098187789,1.6107563956316504,1
3.356407450548901,0.9688066962894003,1
3.152280424001322,0.8099050471317546,1
2.952246599902041,1.8123563080983214,1
2.4798532694123154,0.901441257271467,1
2.771625949394629,0.7589079496350165,1
3.5868364891697238,1.6195894506353867,1
4.338531519349873,0.7994592962939823,1
2.235340354516907,0.8076871810525401,1
3.264302767768187,0.7424925307743788,1
